time,stage,confidence,theta_alpha,beta_rel,motion_rms,fac_rate,signal,eog_on,eog_sacc
5.0,Wake,0.7,2.8621,0.4998,46.3618,0.0,1.0,0.0,0.0
10.2,Wake,0.7,2.9524,0.5635,46.5079,0.0,1.0,0.0,0.0
15.3,Wake,0.7,1.9494,0.7959,46.3249,0.0,1.0,0.0,0.0
20.4,Wake,0.7,1.448,1.093,46.1015,0.0,1.0,0.0,0.0
25.5,Wake,0.7,1.4044,1.0311,45.2456,0.0,1.0,0.0,0.0
30.6,Wake,0.7,1.2913,0.988,44.1874,0.0,1.0,0.0,0.0
35.8,Wake,0.7,1.2802,1.0878,41.6549,0.0,1.0,0.0,0.0
40.9,Wake,0.7,1.2404,1.1354,40.1268,0.0,1.0,0.0,0.0
46.0,Wake,0.7,1.3088,1.1191,41.2825,0.0,1.0,0.0,0.0
51.1,Wake,0.7,1.3874,1.0303,45.3231,0.0,1.0,0.0,0.0
56.3,Wake,0.7,1.8633,0.8501,50.4551,0.0,1.0,0.0,0.0
61.4,Wake,0.7,2.2356,0.8053,50.7264,0.0,1.0,0.0,0.0
66.5,Wake,0.7,2.432,0.6385,50.7916,0.0,1.0,0.0,0.0
71.6,Wake,0.7,2.6375,0.5235,50.9541,0.0,1.0,0.0,0.0
76.7,Wake,0.7,2.4158,0.541,50.9862,0.0,1.0,0.0,0.0
81.9,Wake,0.7,2.0955,0.6399,51.0156,0.0,1.0,0.0,0.0
87.0,Wake,0.7,2.1975,0.6897,50.9482,0.0,1.0,0.0,0.0
92.1,Wake,0.7,1.4766,0.7821,51.0407,0.0,1.0,0.0,0.0
97.2,Wake,0.7,1.4984,0.7701,51.0881,0.0,1.0,0.0,0.0
102.4,Wake,0.7,1.9165,0.6519,51.04,0.0,1.0,0.0,0.0
107.5,Wake,0.7,2.1835,0.5904,50.9213,0.0,1.0,0.0,0.0
112.6,Wake,0.7,1.9505,0.5162,50.7443,0.0,1.0,0.0,0.0
117.7,Wake,0.7,1.8776,0.508,50.5803,0.0,1.0,0.0,0.0
122.8,Wake,0.7,1.9278,0.4564,50.4887,0.0,1.0,0.0,0.0
128.0,Wake,0.7,1.4395,0.7778,50.4078,0.0,1.0,0.0,0.0
133.1,Wake,0.7,1.3039,0.8407,50.3497,0.0,1.0,0.0,0.0
138.2,Wake,0.7,1.7883,0.7182,50.258,0.0,1.0,0.0,0.0
143.3,Wake,0.7,1.9232,0.7258,50.0601,0.0,1.0,0.0,0.0
148.5,Wake,0.7,1.8133,0.7202,49.9173,0.0,1.0,0.0,0.0
153.6,Wake,0.7,1.805,0.7175,49.8226,0.0,1.0,0.0,0.0
158.7,Wake,0.7,2.2398,0.4383,49.8684,0.0,1.0,0.0,0.0
163.8,Wake,0.7,1.7438,0.3961,49.8945,0.0,1.0,0.0,0.0
168.9,Wake,0.7,0.8895,0.4415,49.9054,0.0,1.0,0.0,0.0
174.1,Wake,0.7,0.7448,0.4283,49.9592,0.0,1.0,0.0,0.0
179.2,Wake,0.7,0.8268,0.4416,49.9781,0.0,1.0,0.0,0.0
184.3,Wake,0.7,0.6798,0.4472,49.9876,0.0,1.0,0.0,0.0
189.4,Wake,0.7,1.1809,0.3781,49.9724,0.0,1.0,0.0,0.0
194.6,Wake,0.7,1.7485,0.3756,49.981,0.0,1.0,0.0,0.0
199.7,Wake,0.7,1.6372,0.3619,50.0206,0.0,1.0,0.0,0.0
204.8,Wake,0.7,1.7138,0.3669,50.0624,0.0,1.0,0.0,0.0
209.9,Wake,0.7,1.6975,0.3636,50.1453,0.0,1.0,0.0,0.0
215.0,Wake,0.7,1.7184,0.3617,50.2109,0.0,1.0,0.0,0.0
220.2,Wake,0.7,1.3698,0.382,50.188,0.0,1.0,0.0,0.0
225.3,Wake,0.7,0.8961,0.3915,50.2055,0.0,1.0,0.0,0.0
230.4,Wake,0.7,1.1662,0.3934,50.208,0.0,1.0,0.0,0.0
235.5,Wake,0.7,1.1445,0.3735,50.2056,0.0,1.0,0.0,0.0
240.7,Wake,0.7,1.151,0.3828,50.1937,0.0,1.0,0.0,0.0
245.8,Wake,0.7,1.0553,0.3737,50.221,0.0,1.0,0.0,0.0
250.9,Wake,0.7,1.0046,0.4171,50.2221,0.0,1.0,0.0,0.0
256.0,Wake,0.7,1.0482,0.4166,50.2161,0.0,1.0,0.0,0.0
261.1,Wake,0.7,0.8245,0.4174,50.1808,0.0,1.0,0.0,0.0
266.3,Wake,0.7,0.7498,0.4305,50.2028,0.0,1.0,0.0,0.0
271.4,Wake,0.7,0.7862,0.458,50.2388,0.0,1.0,0.0,0.0
276.5,Wake,0.7,0.9261,0.4834,50.2263,0.0,1.0,0.0,0.0
281.6,Wake,0.7,0.9146,0.4815,50.2388,0.0,1.0,0.0,0.0
286.8,Wake,0.7,0.8689,0.4357,50.2314,0.0,1.0,0.0,0.0
291.9,Wake,0.7,0.853,0.4537,50.2604,0.0,1.0,0.0,0.0
297.0,Wake,0.7,0.8838,0.4538,50.2526,0.0,1.0,0.0,0.0
302.1,Wake,0.7,0.9364,0.4292,50.208,0.0,1.0,0.0,0.0
307.2,Wake,0.7,0.781,0.41,50.2006,0.0,1.0,0.0,0.0
312.4,Wake,0.7,0.8525,0.4245,50.1933,0.0,1.0,0.0,0.0
317.5,Wake,0.7,0.9061,0.4637,50.1895,0.0,1.0,0.0,0.0
322.6,Wake,0.7,0.8511,0.4347,50.1713,0.0,1.0,0.0,0.0
327.7,Wake,0.7,0.8358,0.4402,50.1227,0.0,1.0,0.0,0.0
332.9,Wake,0.7,0.7934,0.4394,50.1414,0.0,1.0,0.0,0.0
338.0,Wake,0.7,0.8599,0.4356,50.1184,0.0,1.0,0.0,0.0
343.1,Wake,0.7,0.7263,0.4145,50.1147,0.0,1.0,0.0,0.0
348.2,Wake,0.7,0.7248,0.4204,50.0938,0.0,1.0,0.0,0.0
353.3,Wake,0.7,0.7932,0.423,50.109,0.0,1.0,0.0,0.0
358.5,Wake,0.7,0.7927,0.4362,50.1084,0.0,1.0,0.0,0.0
363.6,Wake,0.7,0.8712,0.4422,50.0961,0.0,1.0,0.0,0.0
368.7,Wake,0.7,1.4556,0.3589,50.1007,0.0,1.0,0.0,0.0
373.8,Wake,0.7,1.5084,0.3626,50.0999,0.0,1.0,0.0,0.0
379.0,Wake,0.7,1.4447,0.3701,50.0878,0.0,1.0,0.0,0.0
384.1,Wake,0.7,1.3868,0.3829,50.0771,0.0,1.0,0.0,0.0
389.2,Wake,0.7,1.3675,0.3697,50.0587,0.0,1.0,0.0,0.0
394.3,Wake,0.7,1.0248,0.4186,50.0314,0.0,1.0,0.0,0.0
399.4,Wake,0.7,0.7282,0.4911,50.0201,0.0,1.0,0.0,0.0
404.6,Wake,0.7,0.8567,0.5047,49.9839,0.0,1.0,0.0,0.0
409.7,Wake,0.7,0.9779,0.5094,49.9637,0.0,1.0,0.0,0.0
414.8,Wake,0.7,1.1764,0.5404,49.8955,0.0,1.0,0.0,0.0
419.9,Wake,0.7,1.314,0.5765,49.8967,0.0,1.0,0.0,0.0
425.1,Wake,0.7,1.2653,0.543,49.8756,0.0,1.0,0.0,0.0
430.2,Wake,0.7,1.5448,0.5587,49.829,0.0,1.0,0.0,0.0
435.3,Wake,0.7,1.7547,0.5444,49.787,0.0,1.0,0.0,0.0
440.4,Wake,0.7,1.6262,0.5098,49.7527,0.0,1.0,0.0,0.0
445.5,Wake,0.7,1.4002,0.4847,49.7154,0.0,1.0,0.0,0.0
450.7,Wake,0.7,1.537,0.4718,49.6642,0.0,1.0,0.0,0.0
455.8,Wake,0.7,1.7309,0.5069,49.6195,0.0,1.0,0.0,0.0
460.9,Wake,0.7,1.7232,0.5029,49.5503,0.0,1.0,0.0,0.0
466.0,Wake,0.7,1.5053,0.5278,49.5369,0.0,1.0,0.0,0.0
471.2,Wake,0.7,1.8007,0.4797,49.5651,0.0,1.0,0.0,0.0
476.3,Wake,0.7,1.6355,0.4717,49.5281,0.0,1.0,0.0,0.0
481.4,Wake,0.7,1.5901,0.469,49.4906,0.0,1.0,0.0,0.0
486.5,Wake,0.7,1.4077,0.4442,49.4862,0.0,1.0,0.0,0.0
491.6,Wake,0.7,1.3156,0.4415,49.5014,0.0,1.0,0.0,0.0
496.8,Wake,0.7,1.1656,0.418,49.5117,0.0,1.0,0.0,0.0
501.9,Wake,0.7,0.8826,0.4781,49.4924,0.0,1.0,0.0,0.0
507.0,Wake,0.7,0.9132,0.4953,49.4838,0.0,1.0,0.0,0.0
512.1,Wake,0.7,0.7219,0.4996,49.5035,0.0,1.0,0.0,0.0
517.3,Wake,0.7,0.6303,0.5181,49.5239,0.0,1.0,0.0,0.0
522.4,Wake,0.7,0.6288,0.5167,49.5133,0.0,1.0,0.0,0.0
527.5,Wake,0.7,0.6228,0.5251,49.4698,0.0,1.0,0.0,0.0
532.6,Wake,0.7,0.6041,0.5107,49.467,0.0,1.0,0.0,0.0
537.7,Wake,0.7,0.6195,0.5097,49.475,0.0,1.0,0.0,0.0
542.9,Wake,0.7,0.7457,0.4885,49.4919,0.0,1.0,0.0,0.0
548.0,Wake,0.7,0.8646,0.4786,49.4314,0.0,1.0,0.0,0.0
553.1,Wake,0.7,0.8183,0.4911,49.4058,0.0,1.0,0.0,0.0
558.2,Wake,0.7,0.9613,0.5071,49.4001,0.0,1.0,0.0,0.0
563.4,Wake,0.7,1.2143,0.5152,49.3764,0.0,1.0,0.0,0.0
568.5,Wake,0.7,1.4839,0.4844,49.3639,0.0,1.0,0.0,0.0
573.6,Wake,0.7,1.4923,0.467,49.3598,0.0,1.0,0.0,0.0
578.7,Wake,0.7,1.4024,0.4815,49.3621,0.0,1.0,0.0,0.0
583.8,Wake,0.7,1.4595,0.4791,49.3737,0.0,1.0,0.0,0.0
589.0,Wake,0.7,1.3777,0.4603,49.3657,0.0,1.0,0.0,0.0
594.1,Wake,0.7,1.0622,0.4604,49.3602,0.0,1.0,0.0,0.0
599.2,Wake,0.7,0.8727,0.4802,49.332,0.0,1.0,0.0,0.0
604.3,Wake,0.7,0.6919,0.5047,49.3116,0.0,1.0,0.0,0.0
609.5,Wake,0.7,0.7609,0.4939,49.3018,0.0,1.0,0.0,0.0
614.6,Wake,0.7,1.0175,0.4234,49.3,0.0,1.0,0.0,0.0
619.7,Wake,0.7,1.0897,0.4151,49.3118,0.0,1.0,0.0,0.0
624.8,Wake,0.7,1.3112,0.3641,49.3469,0.0,1.0,0.0,0.0
629.9,Wake,0.7,1.277,0.3601,49.34,0.0,1.0,0.0,0.0
635.1,Wake,0.7,1.2336,0.3551,49.3218,0.0,1.0,0.0,0.0
640.2,Wake,0.7,1.0707,0.3745,49.3279,0.0,1.0,0.0,0.0
645.3,Wake,0.7,0.9256,0.398,49.3065,0.0,1.0,0.0,0.0
650.4,Wake,0.7,0.8451,0.4092,49.2695,0.0,1.0,0.0,0.0
655.6,Wake,0.7,0.6199,0.4857,49.2736,0.0,1.0,0.0,0.0
660.7,Wake,0.7,0.6915,0.4968,49.2922,0.0,1.0,0.0,0.0
665.8,Wake,0.7,0.6676,0.4913,49.3078,0.0,1.0,0.0,0.0
670.9,Wake,0.7,0.6628,0.4853,49.3323,0.0,1.0,0.0,0.0
676.0,Wake,0.7,0.6108,0.5035,49.3346,0.0,1.0,0.0,0.0
681.2,Wake,0.7,0.5833,0.4958,49.3225,0.0,1.0,0.0,0.0
686.3,Wake,0.7,0.6785,0.4711,49.3339,0.0,1.0,0.0,0.0
691.4,Wake,0.7,0.6297,0.4781,49.3249,0.0,1.0,0.0,0.0
696.5,Wake,0.7,0.6443,0.4986,49.33,0.0,1.0,0.0,0.0
701.7,Wake,0.7,0.6154,0.5219,49.3438,0.0,1.0,0.0,0.0
706.8,Wake,0.7,0.6558,0.4966,49.3636,0.0,1.0,0.0,0.0
711.9,Wake,0.7,0.7427,0.5006,49.3799,0.0,1.0,0.0,0.0
717.0,Wake,0.7,0.6214,0.5034,49.3709,0.0,1.0,0.0,0.0
722.1,Wake,0.7,0.6197,0.4807,49.3713,0.0,1.0,0.0,0.0
727.3,Wake,0.7,0.6569,0.4606,49.3838,0.0,1.0,0.0,0.0
732.4,Wake,0.7,0.6561,0.4565,49.3733,0.0,1.0,0.0,0.0
737.5,Wake,0.7,0.6741,0.4573,49.3793,0.0,1.0,0.0,0.0
742.6,Wake,0.7,1.1483,0.3623,49.3561,0.0,1.0,0.0,0.0
747.8,Wake,0.7,1.2006,0.3312,49.3628,0.0,1.0,0.0,0.0
752.9,Wake,0.7,1.3577,0.3421,49.3435,0.0,1.0,0.0,0.0
758.0,Wake,0.7,1.4898,0.3652,49.3561,0.0,1.0,0.0,0.0
763.1,Wake,0.7,1.3077,0.3805,49.3601,0.0,1.0,0.0,0.0
768.2,Wake,0.7,1.1736,0.3837,49.3059,0.0,1.0,0.0,0.0
773.4,Wake,0.7,0.5448,0.5402,49.3568,0.0,1.0,0.0,0.0
778.5,Wake,0.7,0.645,0.5883,49.3647,0.0,1.0,0.0,0.0
783.6,Wake,0.7,0.6924,0.5344,49.4028,0.0,1.0,0.0,0.0
788.7,Wake,0.7,0.6289,0.4929,49.3529,0.0,1.0,0.0,0.0
793.9,Wake,0.7,0.7781,0.4558,49.3516,0.0,1.0,0.0,0.0
799.0,Wake,0.7,0.9658,0.4477,49.3466,0.0,1.0,0.0,0.0
804.1,Wake,0.7,0.88,0.4584,49.3247,0.0,1.0,0.0,0.0
809.2,Wake,0.7,0.8736,0.4467,49.3091,0.0,1.0,0.0,0.0
814.3,Wake,0.7,0.9103,0.4357,49.295,0.0,1.0,0.0,0.0
819.5,Wake,0.7,0.8929,0.4453,49.3021,0.0,1.0,0.0,0.0
824.6,Wake,0.7,0.857,0.4888,49.3056,0.0,1.0,0.0,0.0
829.7,Wake,0.7,0.7052,0.4752,49.3064,0.0,1.0,0.0,0.0
834.8,Wake,0.7,0.7085,0.4704,49.3076,0.0,1.0,0.0,0.0
840.0,Wake,0.7,0.6343,0.4573,49.3341,0.0,1.0,0.0,0.0
845.1,Wake,0.7,0.6159,0.4932,49.329,0.0,1.0,0.0,0.0
850.2,Wake,0.7,0.6146,0.5174,49.3211,0.0,1.0,0.0,0.0
855.3,Wake,0.7,0.5848,0.4804,49.3257,0.0,1.0,0.0,0.0
860.4,Wake,0.7,0.5921,0.508,49.3196,0.0,1.0,0.0,0.0
865.6,Wake,0.7,0.6201,0.4995,49.3291,0.0,1.0,0.0,0.0
870.7,Wake,0.7,0.7031,0.4953,49.3218,0.0,1.0,0.0,0.0
875.8,Wake,0.7,0.6937,0.4881,49.3349,0.0,1.0,0.0,0.0
880.9,Wake,0.7,0.7753,0.5074,49.3293,0.0,1.0,0.0,0.0
886.1,Wake,0.7,0.9075,0.5201,49.3124,0.0,1.0,0.0,0.0
891.2,Wake,0.7,1.0703,0.528,49.326,0.0,1.0,0.0,0.0
896.3,Wake,0.7,1.218,0.5534,49.3163,0.0,1.0,0.0,0.0
901.4,Wake,0.7,1.1959,0.5881,49.3233,0.0,1.0,0.0,0.0
906.5,Wake,0.7,1.6694,0.3791,49.3306,0.0,1.0,0.0,0.0
911.7,Wake,0.7,1.8149,0.3704,49.3228,0.0,1.0,0.0,0.0
916.8,Wake,0.7,1.8444,0.3668,49.3371,0.0,1.0,0.0,0.0
921.9,Wake,0.7,1.8474,0.3735,49.3428,0.0,1.0,0.0,0.0
927.0,Wake,0.7,1.9241,0.3871,49.3324,0.0,1.0,0.0,0.0
932.1,Wake,0.7,1.9452,0.3882,49.3318,0.0,1.0,0.0,0.0
937.3,Wake,0.7,1.7779,0.6066,49.3309,0.0,1.0,0.0,0.0
942.4,Wake,0.7,1.9393,0.5589,49.3505,0.0,1.0,0.0,0.0
947.5,Wake,0.7,1.7518,0.5821,49.3151,0.0,1.0,0.0,0.0
952.6,Wake,0.7,1.9234,0.5583,49.2942,0.0,1.0,0.0,0.0
957.8,Wake,0.7,1.8594,0.5461,49.2904,0.0,1.0,0.0,0.0
962.9,Wake,0.7,1.9943,0.5374,49.3023,0.0,1.0,0.0,0.0
968.0,Wake,0.7,2.0571,0.494,49.3043,0.0,1.0,0.0,0.0
973.1,Wake,0.7,2.0068,0.5163,49.2753,0.0,1.0,0.0,0.0
978.2,Wake,0.7,2.244,0.5026,49.306,0.0,1.0,0.0,0.0
983.4,Wake,0.7,2.2744,0.4702,49.2904,0.0,1.0,0.0,0.0
988.5,Wake,0.7,2.2154,0.4743,49.274,0.0,1.0,0.0,0.0
993.6,Wake,0.7,2.2409,0.4682,49.2657,0.0,1.0,0.0,0.0
998.7,Wake,0.7,2.3548,0.5,49.2812,0.0,1.0,0.0,0.0
1003.9,Wake,0.7,2.3967,0.4791,49.3271,0.0,1.0,0.0,0.0
1009.0,Wake,0.7,2.9113,0.4241,49.3558,0.0,1.0,0.0,0.0
1014.1,Wake,0.7,3.1122,0.4447,49.3824,0.0,1.0,0.0,0.0
1019.2,Wake,0.7,3.2484,0.4544,49.41,0.0,1.0,0.0,0.0
1024.3,Wake,0.7,2.6476,0.5001,49.3933,0.0,1.0,0.0,0.0
1029.5,Wake,0.7,2.2773,0.5213,49.3559,0.0,1.0,0.0,0.0
1034.6,Wake,0.7,1.8055,0.5445,49.3168,0.0,1.0,0.0,0.0
1039.7,Wake,0.7,1.3036,0.6037,49.2984,0.0,1.0,0.0,0.0
1044.8,Wake,0.7,1.0687,0.6181,49.2979,0.0,1.0,0.0,0.0
1050.0,Wake,0.7,1.0351,0.6135,49.2927,0.0,1.0,0.0,0.0
1055.1,Wake,0.7,1.1375,0.582,49.2824,0.0,1.0,0.0,0.0
1060.2,Wake,0.7,1.1712,0.55,49.283,0.0,1.0,0.0,0.0
1065.3,Wake,0.7,1.4826,0.5893,49.2887,0.0,1.0,0.0,0.0
1070.4,Wake,0.7,1.5504,0.6312,49.261,0.0,1.0,0.0,0.0
1075.6,Wake,0.7,1.9479,0.5861,49.2557,0.0,1.0,0.0,0.0
1080.7,Wake,0.7,2.4171,0.4523,49.2339,0.0,1.0,0.0,0.0
1085.8,Wake,0.7,2.4477,0.4461,49.2115,0.0,1.0,0.0,0.0
1090.9,Wake,0.7,2.499,0.4374,49.2386,0.0,1.0,0.0,0.0
1096.1,Wake,0.7,2.0837,0.4229,49.2338,0.0,1.0,0.0,0.0
1101.2,Wake,0.7,2.2032,0.4249,49.2428,0.0,1.0,0.0,0.0
1106.3,Wake,0.7,1.8011,0.5132,49.2472,0.0,1.0,0.0,0.0
1111.4,Wake,0.7,1.7332,0.529,49.2645,0.0,1.0,0.0,0.0
1116.5,Wake,0.7,1.5599,0.5714,49.253,0.0,1.0,0.0,0.0
1121.7,Wake,0.7,1.6673,0.544,49.2519,0.0,1.0,0.0,0.0
1126.8,Wake,0.7,2.1509,0.5697,49.3125,0.0,1.0,0.0,0.0
1131.9,Wake,0.7,2.3153,0.518,49.3205,0.0,1.0,0.0,0.0
1137.0,Wake,0.7,2.6659,0.4982,49.3628,0.0,1.0,0.0,0.0
1142.2,Wake,0.7,2.7522,0.5108,49.3487,0.0,1.0,0.0,0.0
1147.3,Wake,0.7,2.6897,0.5783,49.3841,0.0,1.0,0.0,0.0
1152.4,Wake,0.7,2.7098,0.6108,49.3868,0.0,1.0,0.0,0.0
1157.5,Wake,0.7,2.5747,0.6413,49.3725,0.0,1.0,0.0,0.0
1162.6,Wake,0.7,2.5082,0.6795,49.3933,0.0,1.0,0.0,0.0
1167.8,Wake,0.7,2.1497,0.7373,49.3919,0.0,1.0,0.0,0.0
1172.9,Wake,0.7,2.0667,0.7171,49.4114,0.0,1.0,0.0,0.0
1178.0,Wake,0.7,1.8954,0.6723,49.407,0.0,1.0,0.0,0.0
1183.1,Wake,0.7,1.7132,0.7022,49.3984,0.0,1.0,0.0,0.0
1188.3,Wake,0.7,1.6983,0.6772,49.3523,0.0,1.0,0.0,0.0
1193.4,Wake,0.7,1.5685,0.6642,49.3247,0.0,1.0,0.0,0.0
1198.5,Wake,0.7,1.7499,0.6155,49.2959,0.0,1.0,0.0,0.0
1203.6,Wake,0.7,1.7052,0.6426,49.313,0.0,1.0,0.0,0.0
1208.7,Wake,0.7,2.1041,0.6173,49.3126,0.0,1.0,0.0,0.0
1213.9,Wake,0.7,2.1683,0.5967,49.3067,0.0,1.0,0.0,0.0
1219.0,Wake,0.7,2.3525,0.5998,49.3835,0.0,1.0,0.0,0.0
1224.1,Wake,0.7,2.6238,0.5706,49.4234,0.0,1.0,0.0,0.0
1229.2,Wake,0.7,2.7688,0.5342,49.4463,0.0,1.0,0.0,0.0
1234.4,Wake,0.7,2.89,0.5308,49.4414,0.0,1.0,0.0,0.0
1239.5,Wake,0.7,2.7318,0.5475,49.462,0.0,1.0,0.0,0.0
1244.6,Wake,0.7,2.7793,0.5595,49.4822,0.0,1.0,0.0,0.0
1249.7,Wake,0.7,2.8077,0.5682,49.4411,0.0,1.0,0.0,0.0
1254.8,Wake,0.7,2.5436,0.6129,49.4716,0.0,1.0,0.0,0.0
1260.0,Wake,0.7,2.1465,0.726,49.4625,0.0,1.0,0.0,0.0
1265.1,Wake,0.7,2.2042,0.7367,49.4422,0.0,1.0,0.0,0.0
1270.2,Wake,0.7,2.2886,0.7435,49.4448,0.0,1.0,0.0,0.0
1275.3,Wake,0.7,2.1613,0.7552,49.4547,0.0,1.0,0.0,0.0
1280.5,Wake,0.7,1.9383,0.8125,49.4676,0.0,1.0,0.0,0.0
1285.6,Wake,0.7,1.9997,0.8251,49.4547,0.0,1.0,0.0,0.0
1290.7,Wake,0.7,1.9183,0.8044,49.4493,0.0,1.0,0.0,0.0
1295.8,Wake,0.7,1.837,0.7859,49.4465,0.0,1.0,0.0,0.0
1300.9,Wake,0.7,1.9714,0.7551,49.4607,0.0,1.0,0.0,0.0
1306.1,Wake,0.7,2.1021,0.7164,49.4446,0.0,1.0,0.0,0.0
1311.2,Wake,0.7,2.2839,0.6803,49.4053,0.0,1.0,0.0,0.0
1316.3,Wake,0.7,2.3963,0.6387,49.39,0.0,1.0,0.0,0.0
1321.4,Wake,0.7,2.4389,0.636,49.3866,0.0,1.0,0.0,0.0
1326.6,Wake,0.7,2.396,0.6667,49.4292,0.0,1.0,0.0,0.0
1331.7,Wake,0.7,2.2706,0.6654,49.3719,0.0,1.0,0.0,0.0
1336.8,Wake,0.7,2.2535,0.6719,49.3627,0.0,1.0,0.0,0.0
1341.9,Wake,0.7,2.2558,0.6489,49.3476,0.0,1.0,0.0,0.0
1347.0,Wake,0.7,2.6135,0.6762,49.357,0.0,1.0,0.0,0.0
1352.2,Wake,0.7,2.6416,0.6371,49.339,0.0,1.0,0.0,0.0
1357.3,Wake,0.7,2.6212,0.6874,49.3026,0.0,1.0,0.0,0.0
1362.4,Wake,0.7,2.7449,0.6953,49.3395,0.0,1.0,0.0,0.0
1367.5,Wake,0.7,2.6787,0.7218,49.3303,0.0,1.0,0.0,0.0
1372.7,Wake,0.7,2.7039,0.6793,49.3345,0.0,1.0,0.0,0.0
1377.8,Wake,0.7,2.5566,0.6495,49.3049,0.0,1.0,0.0,0.0
1382.9,Wake,0.7,2.6766,0.6669,49.2959,0.0,1.0,0.0,0.0
1388.0,Wake,0.7,2.7855,0.612,49.3075,0.0,1.0,0.0,0.0
1393.1,Wake,0.7,2.6062,0.6004,49.3125,0.0,1.0,0.0,0.0
1398.3,Wake,0.7,2.6419,0.5755,49.3189,0.0,1.0,0.0,0.0
5.0,Wake,0.7,1.0558,0.3987,48.0647,0.0,1.0,0.0,0.0
10.1,Wake,0.7,0.681,0.3832,48.016,0.0,1.0,0.0,0.0
15.3,Wake,0.7,0.7589,0.419,47.9886,0.0,1.0,0.0,0.0
20.4,Wake,0.7,0.7582,0.4402,47.9614,0.0,1.0,0.0,0.0
25.5,Wake,0.7,0.6634,0.4067,47.975,0.0,1.0,0.0,0.0
30.6,Wake,0.7,0.8032,0.3862,48.0023,0.0,1.0,0.0,0.0
35.7,Wake,0.7,0.8461,0.3984,48.0023,0.0,1.0,0.0,0.0
40.9,Wake,0.7,1.075,0.4354,48.0176,0.0,1.0,0.0,0.0
46.0,Wake,0.7,1.0735,0.4327,48.0292,0.0,1.0,0.0,0.0
51.1,Wake,0.7,1.8076,0.353,48.0455,0.0,1.0,0.0,0.0
56.2,Wake,0.7,3.1499,0.4038,48.0397,0.0,1.0,0.0,0.0
61.4,Wake,0.7,3.3601,0.4632,47.9974,0.0,1.0,0.0,0.0
66.5,Wake,0.7,3.4301,0.4535,47.9827,0.0,1.0,0.0,0.0
71.6,Wake,0.7,3.435,0.4454,47.9639,0.0,1.0,0.0,0.0
76.7,Wake,0.7,3.5499,0.4246,47.9663,0.0,1.0,0.0,0.0
81.8,Wake,0.7,2.2823,0.5546,47.9168,0.0,1.0,0.0,0.0
87.0,Wake,0.7,1.3927,0.4906,47.9064,0.0,1.0,0.0,0.0
92.1,Wake,0.7,1.3632,0.4825,47.9236,0.0,1.0,0.0,0.0
97.2,Wake,0.7,1.2963,0.5005,47.9139,0.0,1.0,0.0,0.0
102.3,Wake,0.7,1.4254,0.5006,47.9019,0.0,1.0,0.0,0.0
107.5,Wake,0.7,1.487,0.5099,47.8964,0.0,1.0,0.0,0.0
112.6,Wake,0.7,1.4263,0.5094,47.8876,0.0,1.0,0.0,0.0
117.7,Wake,0.7,1.5896,0.5323,47.9104,0.0,1.0,0.0,0.0
122.8,Wake,0.7,1.2648,0.4949,47.9146,0.0,1.0,0.0,0.0
127.9,Wake,0.7,1.0052,0.4599,47.9417,0.0,1.0,0.0,0.0
133.1,Wake,0.7,0.6547,0.4698,47.9796,0.0,1.0,0.0,0.0
138.2,Wake,0.7,0.5522,0.4529,47.9632,0.0,1.0,0.0,0.0
143.3,Wake,0.7,0.5066,0.4375,48.0219,0.0,1.0,0.0,0.0
148.4,Wake,0.7,0.5295,0.439,48.0023,0.0,1.0,0.0,0.0
153.6,Wake,0.7,0.5319,0.4797,47.9968,0.0,1.0,0.0,0.0
158.7,Wake,0.7,0.5568,0.5022,47.9656,0.0,1.0,0.0,0.0
163.8,Wake,0.7,0.5737,0.5306,47.9505,0.0,1.0,0.0,0.0
168.9,Wake,0.7,0.6382,0.5209,47.9621,0.0,1.0,0.0,0.0
174.0,Wake,0.7,0.8318,0.5308,47.8971,0.0,1.0,0.0,0.0
179.2,Wake,0.7,1.2544,0.462,47.8603,0.0,1.0,0.0,0.0
184.3,Wake,0.7,1.2369,0.4381,47.7754,0.0,1.0,0.0,0.0
189.4,Wake,0.7,1.1708,0.4249,47.6881,0.0,1.0,0.0,0.0
194.5,Wake,0.7,1.166,0.4155,47.6084,0.0,1.0,0.0,0.0
199.7,Wake,0.7,1.2687,0.4231,47.5616,0.0,1.0,0.0,0.0
204.8,Wake,0.7,1.2074,0.4246,47.5427,0.0,1.0,0.0,0.0
209.9,Wake,0.7,1.0111,0.4993,47.5471,0.0,1.0,0.0,0.0
215.0,Wake,0.7,1.2646,0.5221,47.5283,0.0,1.0,0.0,0.0
220.1,Wake,0.7,1.7063,0.5673,47.5188,0.0,1.0,0.0,0.0
225.3,Wake,0.7,2.1741,0.581,47.5549,0.0,1.0,0.0,0.0
230.4,Wake,0.7,2.2206,0.588,47.5677,0.0,1.0,0.0,0.0
235.5,Wake,0.7,2.4443,0.5743,47.5672,0.0,1.0,0.0,0.0
240.6,Wake,0.7,2.2629,0.395,47.5803,0.0,1.0,0.0,0.0
245.8,Wake,0.7,1.9806,0.4296,47.6024,0.0,1.0,0.0,0.0
250.9,Wake,0.7,1.9805,0.4296,47.7306,0.0,1.0,0.0,0.0
256.0,Wake,0.7,1.9805,0.4296,49.4932,0.0,1.0,0.0,0.0
261.1,Wake,0.7,1.9801,0.4296,51.5864,0.0,1.0,0.0,0.0
266.2,Wake,0.7,1.9805,0.4295,52.5468,0.0,1.0,0.0,0.0
271.4,Wake,0.7,1.5638,0.5901,53.1386,0.0,1.0,0.0,0.0
276.5,Wake,0.7,2.1783,0.4342,52.8393,0.0,1.0,0.0,0.0
281.6,Wake,0.7,2.1487,0.4209,52.7914,0.0,1.0,0.0,0.0
286.7,Wake,0.7,2.0749,0.4701,52.3755,0.0,1.0,0.0,0.0
291.9,Wake,0.7,1.8958,0.5805,51.4482,0.0,1.0,0.0,0.0
297.0,Wake,0.7,3.5012,0.3487,51.5053,0.0,1.0,0.0,0.0
302.1,Wake,0.7,1.3921,0.5149,51.5053,0.0,1.0,0.0,0.0
307.2,Wake,0.7,1.5699,0.4869,50.7209,0.0,1.0,0.0,0.0
312.3,Wake,0.7,1.5552,0.4957,50.4026,0.0,1.0,0.0,0.0
317.5,Wake,0.7,1.5553,0.4955,50.4077,0.0,1.0,0.0,0.0
322.6,Wake,0.7,1.5528,0.4974,52.0041,0.0,1.0,0.0,0.0
327.7,Wake,0.7,1.3162,0.5317,50.5349,0.0,1.0,0.0,0.0
332.8,Wake,0.7,2.6492,0.4183,48.2423,0.0,1.0,0.0,0.0
338.0,Wake,0.7,1.2225,0.6521,45.2445,0.0,1.0,0.0,0.0
343.1,Wake,0.7,1.5609,0.5405,41.7014,0.0,1.0,0.0,0.0
348.2,Wake,0.7,1.5763,0.5389,44.59,0.0,1.0,0.0,0.0
353.3,Wake,0.7,2.6432,0.4684,43.2356,0.0,1.0,0.0,0.0
358.4,Wake,0.7,2.5234,0.9397,41.6132,0.0,1.0,0.0,0.0
363.6,Wake,0.7,2.5617,0.9446,41.3105,0.0,1.0,0.0,0.0
368.7,Wake,0.7,2.4692,0.7659,41.1222,0.0,1.0,0.0,0.0
373.8,Wake,0.7,2.3792,0.4599,43.1915,0.0,1.0,0.0,0.0
378.9,Wake,0.7,2.168,0.5867,43.1915,0.0,1.0,0.0,0.0
384.1,Wake,0.7,2.1693,0.5866,47.1282,0.0,1.0,0.0,0.0
389.2,Wake,0.7,2.1566,0.5601,61.1431,0.0,1.0,0.0,0.0
394.3,Wake,0.7,2.1579,0.5598,61.3579,0.0,1.0,0.0,0.0
399.4,Wake,0.7,2.1432,0.5693,61.4744,0.0,1.0,0.0,0.0
404.5,Wake,0.7,2.1001,0.6983,61.4908,0.0,1.0,0.0,0.0
409.7,Wake,0.7,3.1476,0.3855,61.5317,0.0,1.0,0.0,0.0
414.8,Wake,0.7,1.5346,0.4665,61.6644,0.0,1.0,0.0,0.0
419.9,Wake,0.7,1.8335,0.3976,61.7288,0.0,1.0,0.0,0.0
